Workbook

Sheet Anleitung
B2: KI-Readiness-Check — Bewertungsraster
B3: Digitale Vorlage zur Nutzung während/nach dem Call. Nicht für Kunden — internes Arbeitswerkzeug.
B5: So arbeitest du mit dieser Datei
B7: 1. Während des Calls
B8: Trage jeden besprochenen Prozess im Blatt 'Prozesse' ein. Std./Woche direkt eintragen, wenn der Kunde das so sagt. Bei mehrteiligen Angaben (z. B. 'X mal pro Woche/Monat à Y Minuten') die Hilfsspalten C-E nutzen (Häufigkeit, Einheit Woche/Monat, Minuten pro Durchlauf) — Spalte F rechnet automatisch in Std./Woche um.
B10: 2. Direkt danach (noch im Call oder in den ersten Minuten danach)
B11: Wechsle ins Blatt 'Bewertung'. Für jeden Prozess: Punkte 1/3/5 für Zeitaufwand, Automatisierbarkeit, Umsetzbarkeit aus dem Dropdown wählen. Zeitaufwand wird aus dem Prozesse-Blatt automatisch vorgeschlagen (Spalte D) — Automatisierbarkeit und Umsetzbarkeit wählst du selbst, anhand der Tabelle unten auf diesem Blatt.
B13: 3. Ergebnis
B14: Score und Phase (Sofort / 3 Monate / Beobachten) berechnen sich automatisch. Die Prozesse sind nach Score sortierbar (Daten > Sortieren, Spalte 'Score', absteigend) — das ergibt direkt die Prioritätsliste für den Prioritäts-Bogen.
B16: 4. Kein Sofort-Kandidat?
B17: Wenn kein Prozess Score ≥ 60 erreicht, zeigt Spalte I einen Hinweis. Siehe Gesprächsframework Abschnitt 3.2 'Sonderfall' für die vorbereitete Antwort.
B19: 5. Matrix-Grafik
... B22: Bewertungstabelle (fix, gleich für jeden Kunden)
B24: Kriterium | C24: 1 Punkt | D24: 3 Punkte | E24: 5 Punkte
B25: Zeitaufwand (Impact) | C25: < 2 Std./Monat gesamt | D25: 2–15 Std./Monat gesamt | E25: > 15 Std./Monat gesamt
B26: Automatisierbarkeit | C26: Stark individuell, viele Ausnahmen, Bauchentscheidung | D26: Teilweise regelbasiert, einige Ausnahmen | E26: Klar regelbasiert / strukturierte Eingabe-Ausgabe, wenig Ausnahmen
B27: Umsetzbarkeit (Aufwand) | C27: Tiefe Systemintegration, Change-Management, mehrere Abteilungen | D27: Ein System, moderate Einrichtung, ein Verantwortlicher | E27: Steht-Tool oder einfacher Workflow, in Tagen umsetzbar
B29: Score = Zeitaufwand × Automatisierbarkeit × Umsetzbarkeit (Produkt, 1–125)
B30: Schwellen: ≥ 60 = Sofort · 20–59 = 3 Monate · < 20 = Beobachten
B32: Std./Woche → Std./Monat: × 4,33 (Umrechnungsfaktor, bereits in den Formeln hinterlegt)

Sheet Prozesse
A1: Rohdaten pro Prozess — trage entweder Spalte B direkt ein, oder nutze C+D+E als Rechenhilfe (Häufigkeit × Minuten, Einheit Woche/Monat wählen — Spalte F rechnet automatisch in Std./Woche um).
A2: Prozess | B2: Std./Woche (direkt, falls bekannt) | C2: Häufigkeit (Hilfsspalte) | D2: Einheit (Woche/Monat wählen) | E2: Min. pro Durchlauf (Hilfsspalte) | F2: → Std./Woche (berechnet aus Hilfsspalten) | G2: Kurzbeschreibung | H2: Werkzeug/System heute | I2: Fehlerquote (%) | J2: Was würde mit der Zeit passieren
F3: =IF(AND(C3<>"",E3<>""),IF(D3="Monat",C3*E3/60/4.33,C3*E3/60),B3)
F4: =IF(AND(C4<>"",E4<>""),IF(D4="Monat",C4*E4/60/4.33,C4*E4/60),B4)
F5: =IF(AND(C5<>"",E5<>""),IF(D5="Monat",C5*E5/60/4.33,C5*E5/60),B5)
F6: =IF(AND(C6<>"",E6<>""),IF(D6="Monat",C6*E6/60/4.33,C6*E6/60),B6)
F7: =IF(AND(C7<>"",E7<>""),IF(D7="Monat",C7*E7/60/4.33,C7*E7/60),B7)
F8: =IF(AND(C8<>"",E8<>""),IF(D8="Monat",C8*E8/60/4.33,C8*E8/60),B8)
F9: =IF(AND(C9<>"",E9<>""),IF(D9="Monat",C9*E9/60/4.33,C9*E9/60),B9)
F10: =IF(AND(C10<>"",E10<>""),IF(D10="Monat",C10*E10/60/4.33,C10*E10/60),B10)
F11: =IF(AND(C11<>"",E11<>""),IF(D11="Monat",C11*E11/60/4.33,C11*E11/60),B11)
F12: =IF(AND(C12<>"",E12<>""),IF(D12="Monat",C12*E12/60/4.33,C12*E12/60),B12)

Sheet Bewertung
A1: Ergebnis: Score und Phase berechnen sich automatisch. Nach Score sortieren (Daten > Sortieren) für die Prioritätsliste.
A2: Prozess | B2: Std./Woche (aus 'Prozesse') | C2: Std./Monat (×4,33, automatisch) | D2: Zeitaufwand (Vorschlag) | E2: Automatisierbarkeit (1/3/5 wählen) | F2: Umsetzbarkeit (1/3/5 wählen) | G2: Score (automatisch) | H2: Phase (automatisch) | I2: Hinweis
A3: =IF(Prozesse!A3="","",Prozesse!A3) | B3: =IF(Prozesse!F3="","",Prozesse!F3) | C3: =IF(B3="","",B3*4.33) | D3: =IF(C3="","",IF(C3<2,1,IF(C3<=15,3,5))) | G3: =IF(OR(D3="",E3="",F3=""),"",D3*E3*F3) | H3: =IF(G3="","",IF(G3>=60,"Sofort",IF(G3>=20,"3 Monate","Beobachten")))
A4: =IF(Prozesse!A4="","",Prozesse!A4) | B4: =IF(Prozesse!F4="","",Prozesse!F4) | C4: =IF(B4="","",B4*4.33) | D4: =IF(C4="","",IF(C4<2,1,IF(C4<=15,3,5))) | G4: =IF(OR(D4="",E4="",F4=""),"",D4*E4*F4) | H4: =IF(G4="","",IF(G4>=60,"Sofort",IF(G4>=20,"3 Monate","Beobachten")))
A5: =IF(Prozesse!A5="","",Prozesse!A5) | B5: =IF(Prozesse!F5="","",Prozesse!F5) | C5: =IF(B5="","",B5*4.33) | D5: =IF(C5="","",IF(C5<2,1,IF(C5<=15,3,5))) | G5: =IF(OR(D5="",E5="",F5=""),"",D5*E5*F5) | H5: =IF(G5="","",IF(G5>=60,"Sofort",IF(G5>=20,"3 Monate","Beobachten")))
A6: =IF(Prozesse!A6="","",Prozesse!A6) | B6: =IF(Prozesse!F6="","",Prozesse!F6) | C6: =IF(B6="","",B6*4.33) | D6: =IF(C6="","",IF(C6<2,1,IF(C6<=15,3,5))) | G6: =IF(OR(D6="",E6="",F6=""),"",D6*E6*F6) | H6: =IF(G6="","",IF(G6>=60,"Sofort",IF(G6>=20,"3 Monate","Beobachten")))
A7: =IF(Prozesse!A7="","",Prozesse!A7) | B7: =IF(Prozesse!F7="","",Prozesse!F7) | C7: =IF(B7="","",B7*4.33) | D7: =IF(C7="","",IF(C7<2,1,IF(C7<=15,3,5))) | G7: =IF(OR(D7="",E7="",F7=""),"",D7*E7*F7) | H7: =IF(G7="","",IF(G7>=60,"Sofort",IF(G7>=20,"3 Monate","Beobachten")))
A8: =IF(Prozesse!A8="","",Prozesse!A8) | B8: =IF(Prozesse!F8="","",Prozesse!F8) | C8: =IF(B8="","",B8*4.33) | D8: =IF(C8="","",IF(C8<2,1,IF(C8<=15,3,5))) | G8: =IF(OR(D8="",E8="",F8=""),"",D8*E8*F8) | H8: =IF(G8="","",IF(G8>=60,"Sofort",IF(G8>=20,"3 Monate","Beobachten")))
A9: =IF(Prozesse!A9="","",Prozesse!A9) | B9: =IF(Prozesse!F9="","",Prozesse!F9) | C9: =IF(B9="","",B9*4.33) | D9: =IF(C9="","",IF(C9<2,1,IF(C9<=15,3,5))) | G9: =IF(OR(D9="",E9="",F9=""),"",D9*E9*F9) | H9: =IF(G9="","",IF(G9>=60,"Sofort",IF(G9>=20,"3 Monate","Beobachten")))
A10: =IF(Prozesse!A10="","",Prozesse!A10) | B10: =IF(Prozesse!F10="","",Prozesse!F10) | C10: =IF(B10="","",B10*4.33) | D10: =IF(C10="","",IF(C10<2,1,IF(C10<=15,3,5))) | G10: =IF(OR(D10="",E10="",F10=""),"",D10*E10*F10) | H10: =IF(G10="","",IF(G10>=60,"Sofort",IF(G10>=20,"3 Monate","Beobachten")))
A11: =IF(Prozesse!A11="","",Prozesse!A11) | B11: =IF(Prozesse!F11="","",Prozesse!F11) | C11: =IF(B11="","",B11*4.33) | D11: =IF(C11="","",IF(C11<2,1,IF(C11<=15,3,5))) | G11: =IF(OR(D11="",E11="",F11=""),"",D11*E11*F11) | H11: =IF(G11="","",IF(G11>=60,"Sofort",IF(G11>=20,"3 Monate","Beobachten")))
A12: =IF(Prozesse!A12="","",Prozesse!A12) | B12: =IF(Prozesse!F12="","",Prozesse!F12) | C12: =IF(B12="","",B12*4.33) | D12: =IF(C12="","",IF(C12<2,1,IF(C12<=15,3,5))) | G12: =IF(OR(D12="",E12="",F12=""),"",D12*E12*F12) | H12: =IF(G12="","",IF(G12>=60,"Sofort",IF(G12>=20,"3 Monate","Beobachten")))
A15: Sonderfall-Check: Kein Prozess ≥ 60?
A16: =IF(COUNTIF(H3:H12,"Sofort")=0,"⚠ Kein Sofort-Kandidat — siehe Gesprächsframework Abschnitt 3.2 (Sonderfall) für die vorbereitete Antwort und den stärksten Phase-2-Kandidaten als Ausweichpunkt.","✓ Mindestens ein Sofort-Kandidat vorhanden.")
